path,lines,bytes,is_binary
AGENTS.md,15,1333,0
assets/css/app.css,1801,43223,0
assets/icons/icon-192.png,0,4183,1
assets/icons/icon-512.png,0,11183,1
assets/js/app/calendar.js,70,2683,0
assets/js/data/ai_labels.js,58,1505,0
assets/js/data/constants.js,145,6359,0
assets/js/data/names.js,85,5603,0
assets/js/data/release.js,5,118,0
assets/js/data/social_templates.js,329,11403,0
assets/js/data/tracklist.js,766,16699,0
assets/js/dist/app/calendar.js,173,7128,0
assets/js/dist/app/chartWorker.js,127,5638,0
assets/js/dist/app/csv.js,61,1659,0
assets/js/dist/app/db.js,75,3033,0
assets/js/dist/app/game.js,8126,320474,0
assets/js/dist/app/game/names.js,2203,34719,0
assets/js/dist/app/game/ui-hooks.js,5,116,0
assets/js/dist/app/guardrails.js,150,5622,0
assets/js/dist/app/promo_types.js,54,2048,0
assets/js/dist/app/ui.js,4025,158203,0
assets/js/dist/app/ui/dom.js,60,1724,0
assets/js/dist/main.js,53,2404,0
assets/png/Default_A_headandshoulders_portrait_of_a_20yearold_male_He_is_.png,0,8089881,1
csv/Facial Features of Creators/Sheet1.csv,13,873,0
csv/README.md,11,480,0
csv/Record Label Simulator - Annglora Record Labels/AMN1 - Annglora Music Network #1.csv,6,249,0
csv/Record Label Simulator - Annglora Record Labels/AMN2 - Annglora Music Network #2.csv,6,249,0
csv/Record Label Simulator - Bytenza Record Labels/BMN1 - Bytenza Music Network #1.csv,7,226,0
csv/Record Label Simulator - Bytenza Record Labels/BMN2 - Bytenza Music Network #2.csv,7,551,0
csv/Record Label Simulator - Bytenza Record Labels/BMN3 - Bytenza Music Network #3.csv,7,226,0
csv/Record Label Simulator - Crowlya Record Labels/CMN1 - Crowlya Music Network #1.csv,7,251,0
csv/Record Label Simulator - Crowlya Record Labels/CMN2 - Crowlya Music Network #2.csv,7,251,0
csv/RLS_Color_Palette.csv,12,456,0
csv/The five drives and their associated three emotions, fifteen total emotions/Sheet1.csv,6,341,0
csv/Record Label Simulator Videogame In-Game Universe - Countries Parameters and Relationships/Country-Params.csv,13,1493,0
csv/Visual Concepts of Countries in Record Label Simulator/Sheet1.csv,4,217,0
docs/ccc-signing-implementation.md,54,2831,0
docs/CONTRADICTIONS.md,173,10011,0
docs/CREATE_CONTENT.md,4,297,0
docs/DECISIONS.md,25,1512,0
docs/gdd-rename-map.md,616,76421,0
docs/glossary/unity-to-web.md,12,551,0
docs/live-edit-guardrails.md,25,1363,0
docs/PATCH_NOTES.md,101,7875,0
docs/pending-concepts.md,9,697,0
docs/systems/ai/rollout-husks.md,54,2691,0
docs/systems/calendar/calendar-projection.md,37,2062,0
docs/systems/ccc/signing.md,44,2478,0
docs/systems/economy/content-production-costs.md,42,1821,0
docs/systems/eras/focus-era.md,25,1237,0
docs/systems/eras/rollout-strategies.md,56,2721,0
docs/systems/promo/auto-promo.md,28,1395,0
docs/systems/promo/broadcast-studios.md,26,726,0
docs/systems/promo/filming-studios.md,20,701,0
docs/systems/stamina-and-hourly-ticks.md,35,2056,0
docs/systems/time/weekly-timing.md,34,1437,0
docs/systems/trends/trends-cadence.md,31,1293,0
docs/TODO.md,25,2957,0
docs/ui/community-labels.md,15,426,0
docs/ui/community-trends.md,21,713,0
docs/ui/eras-tracks-panel.md,12,478,0
docs/ui/promotions-tab.md,16,755,0
docs/ui/trends-surfaces.md,16,699,0
game-design-documents/01-Canon/copy-of-record-label-simulator-mvp-gameplay-overview-december-5-2025-version.md,102,13922,0
game-design-documents/01-Canon/gaia-time-zone-overview-using-standard-or-elsewhere-in-record-company-simulator.md,53,1857,0
game-design-documents/01-Canon/game-design-document-of-record-label.md,2,56,0
game-design-documents/01-Canon/glossary.md,9,388,0
game-design-documents/01-Canon/high-level-game-design-overview-record-label-simulator.md,119,6477,0
game-design-documents/01-Canon/mvp-for-simulator-strategy-record-label-mobile-game.md,53,2988,0
game-design-documents/01-Canon/record-label-simulator-community-members-and-sectors-overview.md,63,3168,0
game-design-documents/01-Canon/record-label-simulator-documentation-governance.md,23,939,0
game-design-documents/01-Canon/record-label-simulator-gaias-world-overview.md,53,4247,0
game-design-documents/01-Canon/record-label-simulator-game-overview.md,10,1457,0
game-design-documents/01-Canon/record-label-simulator-gdd-acts-creators-and-audience-chunks.md,111,6362,0
game-design-documents/01-Canon/record-label-simulator-gdd-audience-chunk-preferences-and-engagement.md,123,7930,0
game-design-documents/01-Canon/record-label-simulator-gdd-content-creation-pipeline.md,142,7256,0
game-design-documents/01-Canon/record-label-simulator-gdd-critics-councils-and-alignment.md,120,6384,0
game-design-documents/01-Canon/record-label-simulator-gdd-endgame-and-replayability-systems.md,116,5530,0
game-design-documents/01-Canon/record-label-simulator-gdd-era-planning-and-execution.md,145,7485,0
game-design-documents/01-Canon/record-label-simulator-gdd-finalization-and-scalability-framework-enhanced.md,91,7121,0
game-design-documents/01-Canon/record-label-simulator-gdd-institutions-and-corporations.md,140,7232,0
game-design-documents/01-Canon/record-label-simulator-gdd-post-mvp-expansions-and-advanced-features.md,107,7447,0
game-design-documents/01-Canon/record-label-simulator-gdd-promotional-strategies-and-tools.md,116,6515,0
game-design-documents/01-Canon/record-label-simulator-gdd-record-label-management-and-expansion.md,127,6743,0
game-design-documents/01-Canon/record-label-simulator-gdd-snippet-key-game-concepts-alignment-mood-theme-content-genre-quality.md,69,3708,0
game-design-documents/01-Canon/record-label-simulator-gdd-studio-management-and-leasing-options.md,137,7345,0
game-design-documents/01-Canon/record-label-simulator-gdd-trends-and-audience-dynamics.md,92,3744,0
game-design-documents/01-Canon/record-label-simulator-glossary.md,56,2403,0
game-design-documents/01-Canon/record-label-simulator-introduction-and-vision.md,59,2637,0
game-design-documents/01-Canon/record-label-simulator-mvp-gameplay-overview-december-5-2025-version.md,112,29597,0
game-design-documents/01-Canon/record-label-simulator-pre-alpha-design-overview-v-001.md,10,557,0
game-design-documents/01-Canon/record-label-simulator-rls-abcd-overview.md,49,3310,0
game-design-documents/01-Canon/record-label-simulator-rls-gdd-charting-systems-feedback-loops-and-geographic-nuances-nations-and-regions.md,188,8054,0
game-design-documents/01-Canon/record-label-simulator-rls-gdd-data-architecture-and-simulation-flow.md,153,7714,0
game-design-documents/01-Canon/record-label-simulator-specifications.md,19,787,0
game-design-documents/01-Canon/video-game-specifications-genres-of-record-label-simulator.md,65,2413,0
game-design-documents/02-UI/alignment-of-themes-in-record-label.md,7,114,0
game-design-documents/02-UI/buffs-bonuses-and-add-ons-provided-by-guide-ids-in-topoda.md,9,258,0
game-design-documents/02-UI/color-assignment-of-moods-in-record-label-simulator.md,50,1619,0
game-design-documents/02-UI/colors-of-record-label-simulator-lyrical-themes-for-tracks.md,6,159,0
game-design-documents/02-UI/copy-of-project-design-doc-gdoc.md,42,2297,0
game-design-documents/02-UI/explanation-of-alignment-of-content-projects-acts-eras-and-record-label-in-record-label-simulator-video-game-project.md,2,329,0
game-design-documents/02-UI/explanation-of-terrain-features-and-building.md,17,1103,0
game-design-documents/02-UI/game-concept-roles-occupations-action-verbs-of-characters-in-record-label-simulators-game-design.md,48,1847,0
game-design-documents/02-UI/game-design-record-label-simulator-6-23-2024.md,85,3097,0
game-design-documents/02-UI/global-demographic-evolution-growth-and-control-guidelines.md,85,5169,0
game-design-documents/02-UI/light-origin-and-flamp-icons.md,14,286,0
game-design-documents/02-UI/markdown-guidelines-for-web-entities.md,14,487,0
game-design-documents/02-UI/natural-hair-colors-in-humans-of-record-label-simulator-in-game-universe.md,49,2142,0
game-design-documents/02-UI/occupation-guide.md,3,103,0
game-design-documents/02-UI/record-label-simulator-alignment-color-system-notes.md,104,3608,0
game-design-documents/02-UI/record-label-simulator-buildings-creator-ids-and-inventory.md,39,3287,0
game-design-documents/02-UI/record-label-simulator-game-design-solution-for-track-names-tracklist-and-data.md,29,3428,0
game-design-documents/02-UI/record-label-simulator-game-design.md,16,512,0
game-design-documents/02-UI/record-label-simulator-gameplay-mechanic-signing-artists-acquiring-creators-and-guiders-deprecated-cards.md,11,508,0
game-design-documents/02-UI/record-label-simulator-guide-ai.md,6,363,0
game-design-documents/02-UI/record-label-simulator-in-game-visualizer-design.md,52,3129,0
game-design-documents/02-UI/record-label-simulator-text-formatting-guide-for-in-game-terminology.md,118,2827,0
game-design-documents/02-UI/record-label-simulator-text-formatting-guide-for-in-game.md,132,5959,0
game-design-documents/02-UI/record-label-simulator-topodangle-visual-feedback-system-vfx-v1.md,81,4279,0
game-design-documents/02-UI/record-label-simulator-ui-and-ux-design-system.md,318,7892,0
game-design-documents/02-UI/record-label-simulator-ui.md,5,309,0
game-design-documents/02-UI/rls-color-grid-rule.md,33,940,0
game-design-documents/02-UI/the-key-visual-elements-of-each-theme-are-as-follows.md,17,1807,0
game-design-documents/02-UI/todo-simulate-gameplay-design-of-record-label-simulator.md,1,35,0
game-design-documents/02-UI/ui-elements-displayed-on-screen-of-the-record-label-simulator-video-game-application.md,162,6498,0
game-design-documents/02-UI/ux-design-for-record-label-simulator.md,117,2980,0
game-design-documents/02-UI/visual-aesthetics-for-record-label.md,0,0,0
game-design-documents/02-UI/visual-concept-ideas-for.md,7,178,0
game-design-documents/02-UI/visuals-for-themes-in-rls-flamp.md,9,418,0
game-design-documents/02-UI/visuals-of-themes-and-moods-in-record-label.md,122,3264,0
game-design-documents/03-Systems/age-group-generations-names-in-record-label.md,25,577,0
game-design-documents/03-Systems/ai-team-at-topoda-charts.md,25,1051,0
game-design-documents/03-Systems/animation-for-when-charts.md,1,229,0
game-design-documents/03-Systems/areas-and-facilities-mechanics-for-record-label-simulator.md,10,1512,0
game-design-documents/03-Systems/audience-community-and-community-chunk-game-mechanics.md,75,6481,0
game-design-documents/03-Systems/Audience/audience-chunk-properties.md,71,8195,0
game-design-documents/03-Systems/Audience/audience-overview.md,27,2561,0
game-design-documents/03-Systems/Audience/in-game-audience.md,30,511,0
game-design-documents/03-Systems/Audience/target-audience.md,32,1903,0
game-design-documents/03-Systems/below-is-a-structured-document-detailing-the-refined-cultural-reset-mechanic-and-its-integration-into-the-record-label.md,108,5634,0
game-design-documents/03-Systems/calendar-module-in-record-label-simulator-video.md,7,992,0
game-design-documents/03-Systems/card-roles-in-record-label-simulator.md,3,371,0
game-design-documents/03-Systems/catharsis-mechanic-of-members.md,24,1586,0
game-design-documents/03-Systems/ceo-12-requests-annual-winners-scoring-and-no-ties-policy-gaia.md,200,6166,0
game-design-documents/03-Systems/character-content-genre-preferences-and-global-trends-in-record-label-simulator.md,44,3014,0
game-design-documents/03-Systems/chart-competition-in-record-label-simulator.md,3,465,0
game-design-documents/03-Systems/chart-system-rules-and-exceptions-for-record-label-simulator.md,159,4411,0
game-design-documents/03-Systems/charts-records-and-milestones-accounts-for.md,1,115,0
game-design-documents/03-Systems/commentary-on-the-revised-population-dynamics-document.md,70,5443,0
game-design-documents/03-Systems/communities-of-record-label-simulator.md,0,0,0
game-design-documents/03-Systems/connections-supply-and-demand-for-record-label-simulator.md,3,69,0
game-design-documents/03-Systems/content-cycle-schedule-announce-release-promote-discontinue-sarpd-for-record-label.md,30,1360,0
game-design-documents/03-Systems/countries-for-inspiration-of-names-in-record-label-simulator-in-game.md,211,2049,0
game-design-documents/03-Systems/creator-id-era-drive-and-emotions-in-topoda.md,2,149,0
game-design-documents/03-Systems/default-demo-album-for-record-label-simulator-gameplay.md,13,274,0
game-design-documents/03-Systems/Economy/Costs/economy-facility-maintenance-costs.md,3,667,0
game-design-documents/03-Systems/Economy/Costs/economy-residence-rental-costs-4-year.md,15,715,0
game-design-documents/03-Systems/Economy/Costs/economy-studio-lease-and-construction-costs.md,37,1301,0
game-design-documents/03-Systems/Economy/Country-Models/economy-country-transaction-models.md,85,5899,0
game-design-documents/03-Systems/Economy/Currency/economy-country-currencies-and-acronyms.md,18,583,0
game-design-documents/03-Systems/Economy/Currency/economy-currency-system-minted-metals-and-polished-minerals.md,32,3888,0
game-design-documents/03-Systems/Economy/index.md,62,2451,0
game-design-documents/03-Systems/Economy/Loans/economy-loan-and-interest-rate-system.md,98,4878,0
game-design-documents/03-Systems/Economy/Pricing/economy-30-70-pricing-dynamic.md,51,2251,0
game-design-documents/03-Systems/Economy/Pricing/economy-pricing-and-track-limits-by-format.md,74,2164,0
game-design-documents/03-Systems/Economy/Pricing/economy-pricing-models-further-refined.md,142,7998,0
game-design-documents/03-Systems/Economy/Pricing/economy-track-and-project-pricing-table.md,195,4874,0
game-design-documents/03-Systems/Economy/Revenue/economy-arena-and-stadium-revenue-breakdown.md,37,3001,0
game-design-documents/03-Systems/Economy/Revenue/economy-brand-sponsorships.md,115,1913,0
game-design-documents/03-Systems/Economy/Revenue/economy-broadcast-financial-flow-and-strategy.md,32,1610,0
game-design-documents/03-Systems/Economy/Revenue/economy-investment-and-revenue-model.md,63,2433,0
game-design-documents/03-Systems/Economy/Revenue/economy-streaming-contract-duration-rules.md,3,203,0
game-design-documents/03-Systems/Economy/Revenue/economy-record-label-simulator-battle-pass.md,49,1768,0
game-design-documents/03-Systems/Economy/Transactions/economy-currency-flow-simulation.md,99,3859,0
game-design-documents/03-Systems/Economy/Transactions/economy-in-game-transactions-flow.md,85,5744,0
game-design-documents/03-Systems/Economy/Transactions/economy-revenue-allocation-by-organization.md,47,2241,0
game-design-documents/03-Systems/entities-components-and-systems-in-record-label-simulator.md,0,0,0
game-design-documents/03-Systems/eras-in-record-label-simulator.md,48,2217,0
game-design-documents/03-Systems/expanded-and-integrated-stamina-system.md,137,5317,0
game-design-documents/03-Systems/eyerisocial-post-ordering-rule.md,26,830,0
game-design-documents/03-Systems/five-key-traits-for-modeling-subcultures-in-record-label-simulator.md,13,1109,0
game-design-documents/03-Systems/game-concept-promotional-efforts-for.md,7,381,0
game-design-documents/03-Systems/game-mechanic-rollout-strategy-of-the-era-of-an-act-in-record-label.md,27,1298,0
game-design-documents/03-Systems/game-simulation-mechanics.md,42,2228,0
game-design-documents/03-Systems/hmmm-mechanic.md,162,3832,0
game-design-documents/03-Systems/in-game-audience-mechanic-in-record-label-simulator.md,17,230,0
game-design-documents/03-Systems/in-game-charts-in-gaia.md,62,2368,0
game-design-documents/03-Systems/in-game-time-control-mechanics-for-record-label.md,8,487,0
game-design-documents/03-Systems/in-game-time-controller.md,19,882,0
game-design-documents/03-Systems/in-game-world-initial-simulation-for-record-label-simulator.md,14,824,0
game-design-documents/03-Systems/Infrastructure/area-slots.md,2,335,0
game-design-documents/03-Systems/Infrastructure/leasing-process.md,17,1035,0
game-design-documents/03-Systems/Infrastructure/physical-address-assignment-for-areas.md,18,1233,0
game-design-documents/03-Systems/Infrastructure/pressing-plant.md,1,99,0
game-design-documents/03-Systems/Infrastructure/recording-studio-structure-and-slot-management.md,50,1954,0
game-design-documents/03-Systems/Infrastructure/structure-leasing-and-management.md,25,1434,0
game-design-documents/03-Systems/Infrastructure/structures-in-record-label.md,103,4965,0
game-design-documents/03-Systems/Infrastructure/studios-academies-sets-and-venues.md,3,238,0
game-design-documents/03-Systems/Infrastructure/venues-floors-and-seat-capacities.md,77,4032,0
game-design-documents/03-Systems/initial-development-phase-for-audience-chunks-in-record-label-simulator-by-topoda-charts.md,24,3810,0
game-design-documents/03-Systems/initial-simulation-of-era-of-an-act-in-the-pre-game-simulation.md,10,1149,0
game-design-documents/03-Systems/initial-state-before-simulation-of-record-label-simulator.md,190,7865,0
game-design-documents/03-Systems/Institutions/corporations.md,4,134,0
game-design-documents/03-Systems/Institutions/craft-institute.md,11,677,0
game-design-documents/03-Systems/Institutions/critics-councils.md,355,9648,0
game-design-documents/03-Systems/Institutions/institutions-and-companies.md,108,5381,0
game-design-documents/03-Systems/Institutions/institutions-vs-companies.md,88,4116,0
game-design-documents/03-Systems/Institutions/record-label-responsibilities-critics-and-awards.md,10,1019,0
game-design-documents/03-Systems/interaction-between-in-game-entities-in-record-label-simulator.md,160,6750,0
game-design-documents/03-Systems/interview-about-taylor-swifts-eras.md,49,3333,0
game-design-documents/03-Systems/inventory-mechanics-in-record-label.md,3,114,0
game-design-documents/03-Systems/main-character-of-record-label-simulator-in-game-universe-story-mode-videogame-evil-entity-akito-from.md,54,2702,0
game-design-documents/03-Systems/main-character-of-record-label-simulator-in-game-universe-story-mode-videogame-genevive-mar-love.md,39,4216,0
game-design-documents/03-Systems/main-character-of-record-label-simulator-in-game-universe-story-mode-videogame-irene-strongbow-creator-of-eyerisocial.md,11,751,0
game-design-documents/03-Systems/mike-hawk-record-label-simulator.md,1,15,0
game-design-documents/03-Systems/module-calendar.md,1,457,0
game-design-documents/03-Systems/most-chart-topping-single-of-the-year-game-mechanics.md,30,2295,0
game-design-documents/03-Systems/paparazzi-in-record-label-simulator.md,8,464,0
game-design-documents/03-Systems/phonomarks-writing-system-of-record-label-simulator-in-game.md,319,33846,0
game-design-documents/03-Systems/pre-era-stage-definition-of-record-label-simulation-game.md,25,2087,0
game-design-documents/03-Systems/recipe-items-in-record-label-simulator.md,8,242,0
game-design-documents/03-Systems/record-label-era-stages-of-grief.md,17,901,0
game-design-documents/03-Systems/record-label-simulator-bygone-eras.md,1,75,0
game-design-documents/03-Systems/record-label-simulator-canon-decision-player-identity-and-quest-issuance.md,36,1150,0
game-design-documents/03-Systems/record-label-simulator-chart-evolution-framework.md,169,3130,0
game-design-documents/03-Systems/record-label-simulator-charts-columns.md,13,1225,0
game-design-documents/03-Systems/record-label-simulator-gameplay-mechanic-fusion-profile-in-game-content.md,68,2839,0
game-design-documents/03-Systems/record-label-simulator-gameplay-mechanic-turns.md,5,328,0
game-design-documents/03-Systems/record-label-simulator-gameplay-mechanics-ids.md,103,9584,0
game-design-documents/03-Systems/record-label-simulator-general-creator-parameters.md,21,1158,0
game-design-documents/03-Systems/record-label-simulator-how-to-sign-a-creator-system.md,54,2220,0
game-design-documents/03-Systems/record-label-simulator-in-game-quest-albums-songs.md,537,11196,0
game-design-documents/03-Systems/record-label-simulator-in-game-story-mode-storyline-quests.md,377,20041,0
game-design-documents/03-Systems/record-label-simulator-pre-game-simulation-plan.md,58,1708,0
game-design-documents/03-Systems/record-label-simulator-records-awards-and-certifications-milestones-for-in-game-achievements-for-finishing-quests.md,14,675,0
game-design-documents/03-Systems/record-label-simulator-rls-ceo-12-requests-annual-winner-protocol.md,132,5973,0
game-design-documents/03-Systems/record-label-simulator-rls-charts-simplified-sizes-player-facing.md,36,1047,0
game-design-documents/03-Systems/record-label-simulator-sheet-music-system.md,62,2805,0
game-design-documents/03-Systems/record-label-simulator-simulation-timeline-and-milestones.md,74,2692,0
game-design-documents/03-Systems/rls-awards-system.md,81,2116,0
game-design-documents/03-Systems/rls-population-evolution.md,62,1960,0
game-design-documents/03-Systems/rlsgameinfoloreandmechanics.md,299,11567,0
game-design-documents/03-Systems/rollout-strategy-husk-system.md,207,9067,0
game-design-documents/03-Systems/stages-of-pre-game-simulation-for-record-label-simulator.md,65,2680,0
game-design-documents/03-Systems/stamina-recharge-mechanic-in-record-label-simulator.md,47,2285,0
game-design-documents/03-Systems/sub-genres-to-explore-in-record-label-simulator.md,8,93,0
game-design-documents/03-Systems/template-prompt-for-generation-of-game-assets-for-emotions-which-is-a-feedback-mechanism-for-the-player-of-the-record-label-simulator.md,3,203,0
game-design-documents/03-Systems/terrain-generation-priority-in-record-label.md,9,1439,0
game-design-documents/03-Systems/thematic-ideas-for-the-content-in-record-label-simulator.md,14,570,0
game-design-documents/03-Systems/time-and-ticks-for-content-creation-in-record-label.md,38,1595,0
game-design-documents/03-Systems/time-progression-system-for-record-label-simulator.md,106,3641,0
game-design-documents/03-Systems/time-to-create-in-record-label-simulator.md,3,384,0
game-design-documents/03-Systems/timeline-of-events-in-record-label-simulators-pre-game-simulation.md,5,91,0
game-design-documents/03-Systems/title-balancing-global-trends-and-local-markets-in-the-record-label-simulator.md,106,5883,0
game-design-documents/03-Systems/record-label-simulator-alphabet-and-vocabulary.md,2912,40711,0
game-design-documents/03-Systems/record-label-simulator-chart-parameters-and-weighs.md,22,1005,0
game-design-documents/03-Systems/record-label-simulator-magazine-news-article.md,33,608,0
game-design-documents/03-Systems/record-label-simulator-prompts-for-chatgpt.md,44,1517,0
game-design-documents/03-Systems/record-label-simulator-songwriters.md,4,454,0
game-design-documents/03-Systems/record-label-simulator-website-structure.md,14,193,0
game-design-documents/03-Systems/record-label-simulator-gametime-namespace.md,46,2279,0
game-design-documents/03-Systems/tracklist-released.md,16,245,0
game-design-documents/03-Systems/trends-and-their-involvement-in-the-origin-of-subcultures-in-the-three-countries-of-the-record-label-simulator.md,4,600,0
game-design-documents/04-World/classes-for-slots-in-game-topoda.md,9,574,0
game-design-documents/04-World/clothing-material-of-each-country-in-record-label.md,3,72,0
game-design-documents/04-World/combinations-of-broadcasting-studios-in-record-label-2.md,2703,124477,0
game-design-documents/04-World/combinations-of-broadcasting-studios-in-record-label.md,2703,124470,0
game-design-documents/04-World/copy-of-combinations-of-broadcasting-studios-in-record-label-simulator.md,2703,124470,0
game-design-documents/04-World/countries-parameters-and-relationships-gaia-nations.md,20,1755,0
game-design-documents/04-World/country-of-record-label-simulator-in-game-universe-annglora-commonwealth-of-annglora.md,322,21785,0
game-design-documents/04-World/country-of-record-label-simulator-in-game-universe-crowlya-kingdom-of.md,373,27549,0
game-design-documents/04-World/donations-to-institutions-in-record-label-simulator.md,1,148,0
game-design-documents/04-World/Lore/Characters/alejandro-montenegro.md,23,2234,0
game-design-documents/04-World/Lore/Characters/children-of-marc-hann-genevieve.md,8,142,0
game-design-documents/04-World/Lore/Characters/creator-prima.md,1,591,0
game-design-documents/04-World/Lore/Characters/family-tree.md,36,340,0
game-design-documents/04-World/Lore/Characters/fatima-berry.md,103,3787,0
game-design-documents/04-World/Lore/Characters/images-of-marc.md,1,139,0
game-design-documents/04-World/Lore/Characters/in-game-characters.md,33,1218,0
game-design-documents/04-World/Lore/Characters/known-characters.md,179,3649,0
game-design-documents/04-World/Lore/Characters/main-character-marc-hann.md,261,17306,0
game-design-documents/04-World/Lore/Characters/marc-hann-and-genevive-mar.md,13,386,0
game-design-documents/04-World/Lore/Characters/marc-hann-quotes.md,43,1584,0
game-design-documents/04-World/Lore/Characters/mariah-noya-marcs-mother.md,9,324,0
game-design-documents/04-World/Lore/Characters/poem-by-marc-hann.md,141,2244,0
game-design-documents/04-World/Lore/Dialogue/dialogue-for-quests-for-record-label-simulator.md,31,4163,0
game-design-documents/04-World/Lore/Dialogue/dialogue-for-record-label-simulator.md,1,110,0
game-design-documents/04-World/Lore/Dialogue/dialogue-record-label-simulator.md,4,429,0
game-design-documents/04-World/Lore/Dialogue/dialogue.md,2,486,0
game-design-documents/04-World/Lore/Dialogue/miserable-quote-dialogue.md,1,89,0
game-design-documents/04-World/Lore/Dialogue/record-label-simulator-character-dialogue.md,43,3017,0
game-design-documents/04-World/Lore/Dialogue/solace-in-solitude-dialogue-for-record-label-simulator.md,20,3306,0
game-design-documents/04-World/Lore/Lyrics/adapt-song-lyrics.md,38,1467,0
game-design-documents/04-World/Lore/Lyrics/ahora-no-quieres-mas.md,36,722,0
game-design-documents/04-World/Lore/Lyrics/album-01-faint-of-heart-debut-track-01-me-and-myself-later-lyrics.md,13,331,0
game-design-documents/04-World/Lore/Lyrics/all-those-times-i-tried-to-leave-you-song-lyrics-track.md,80,1425,0
game-design-documents/04-World/Lore/Lyrics/angry-at-myself-song-lyrics-track.md,20,415,0
game-design-documents/04-World/Lore/Lyrics/blue-song-lyrics.md,86,1969,0
game-design-documents/04-World/Lore/Lyrics/boy.md,9,285,0
game-design-documents/04-World/Lore/Lyrics/comfort.md,1,305,0
game-design-documents/04-World/Lore/Lyrics/copy-of-love-note-song-lyrics-track.md,56,1293,0
game-design-documents/04-World/Lore/Lyrics/do-you-mean-it-song-lyrics-track-raw-vow.md,79,3005,0
game-design-documents/04-World/Lore/Lyrics/dont-call-it-love-yet-song-lyrics-track-raw-vow.md,43,2012,0
game-design-documents/04-World/Lore/Lyrics/dont-wanna-remember-song-lyrics-track.md,52,1224,0
game-design-documents/04-World/Lore/Lyrics/even-song-lyrics-track.md,4,173,0
game-design-documents/04-World/Lore/Lyrics/genevive-song-lyrics.md,10,265,0
game-design-documents/04-World/Lore/Lyrics/hate.md,20,2479,0
game-design-documents/04-World/Lore/Lyrics/he-dances-on-song-lyrics-track.md,30,517,0
game-design-documents/04-World/Lore/Lyrics/hey-song-lyrics.md,9,154,0
game-design-documents/04-World/Lore/Lyrics/hostage-song-lyrics.md,58,1340,0
game-design-documents/04-World/Lore/Lyrics/how-come-lyrics-track-song.md,57,1312,0
game-design-documents/04-World/Lore/Lyrics/i-dont-want-peace-song-lyrics-track-raw-vow.md,52,2348,0
game-design-documents/04-World/Lore/Lyrics/i-fear-song-lyrics.md,58,1462,0
game-design-documents/04-World/Lore/Lyrics/i-hate-you-by-woodz-in-spanish-version.md,81,1642,0
game-design-documents/04-World/Lore/Lyrics/i-know-that-you-want-my-feat-genevieve.md,41,945,0
game-design-documents/04-World/Lore/Lyrics/i-mattered-song-lyrics-track-version.md,45,1168,0
game-design-documents/04-World/Lore/Lyrics/i-mattered-song-lyrics-track.md,41,1045,0
game-design-documents/04-World/Lore/Lyrics/i-walk.md,60,790,0
game-design-documents/04-World/Lore/Lyrics/infested-by-you.md,33,818,0
game-design-documents/04-World/Lore/Lyrics/kaylers-lyrics-notes.md,14,786,0
game-design-documents/04-World/Lore/Lyrics/let-it-out.md,4,60,0
game-design-documents/04-World/Lore/Lyrics/look-at-me-intro-song-lyrics-track-raw-vow.md,56,1659,0
game-design-documents/04-World/Lore/Lyrics/love-note-song-lyrics.md,56,1317,0
game-design-documents/04-World/Lore/Lyrics/lucky-charm-song-lyrics.md,23,827,0
game-design-documents/04-World/Lore/Lyrics/magnetic-song-lyrics-track.md,90,2187,0
game-design-documents/04-World/Lore/Lyrics/no-winning-side-song-lyrics.md,7,126,0
game-design-documents/04-World/Lore/Lyrics/nobodys-coming-song-lyrics-track.md,3,65,0
game-design-documents/04-World/Lore/Lyrics/one-of-those-days-song-lyrics-track.md,2,22,0
game-design-documents/04-World/Lore/Lyrics/open-song-lyrics-track12a.md,34,541,0
game-design-documents/04-World/Lore/Lyrics/out-of-boredom-song-lyrics-track.md,68,1189,0
game-design-documents/04-World/Lore/Lyrics/pessimist.md,98,2989,0
game-design-documents/04-World/Lore/Lyrics/pick-a-side-song-lyrics-track-raw-vow.md,71,3151,0
game-design-documents/04-World/Lore/Lyrics/poem-structure.md,171,6250,0
game-design-documents/04-World/Lore/Lyrics/politics-lottery-song-lyrics-track.md,40,926,0
game-design-documents/04-World/Lore/Lyrics/random-ass-song-lyrics.md,9,456,0
game-design-documents/04-World/Lore/Lyrics/scars-song-lyrics-track.md,29,640,0
game-design-documents/04-World/Lore/Lyrics/selfish-stupid-nigga.md,56,2673,0
game-design-documents/04-World/Lore/Lyrics/so-above-it-all-song-lyrics-track-name.md,38,803,0
game-design-documents/04-World/Lore/Lyrics/so-cruel-song-lyrics.md,28,820,0
game-design-documents/04-World/Lore/Lyrics/something-to-prove-lyrics-song.md,10,271,0
game-design-documents/04-World/Lore/Lyrics/something-to-work-with-song-lyrics.md,61,1583,0
game-design-documents/04-World/Lore/Lyrics/song-lyrics-2-2.md,3,53,0
game-design-documents/04-World/Lore/Lyrics/song-lyrics-2.md,5,124,0
game-design-documents/04-World/Lore/Lyrics/song-lyrics-3-2.md,3,84,0
game-design-documents/04-World/Lore/Lyrics/song-lyrics-3.md,5,120,0
game-design-documents/04-World/Lore/Lyrics/song-lyrics-4-2.md,12,168,0
game-design-documents/04-World/Lore/Lyrics/song-lyrics-4.md,3,112,0
game-design-documents/04-World/Lore/Lyrics/song-lyrics-5-2.md,33,580,0
game-design-documents/04-World/Lore/Lyrics/song-lyrics-5.md,8,256,0
game-design-documents/04-World/Lore/Lyrics/song-lyrics-6-2.md,56,847,0
game-design-documents/04-World/Lore/Lyrics/song-lyrics-6.md,17,431,0
game-design-documents/04-World/Lore/Lyrics/song-lyrics-7.md,8,224,0
game-design-documents/04-World/Lore/Lyrics/song-lyrics-track-2-variant.md,16,404,0
game-design-documents/04-World/Lore/Lyrics/song-lyrics-track-2.md,3,84,0
game-design-documents/04-World/Lore/Lyrics/song-lyrics-track-3.md,36,528,0
game-design-documents/04-World/Lore/Lyrics/song-lyrics-track-4.md,24,805,0
game-design-documents/04-World/Lore/Lyrics/song-lyrics-track-5.md,2,113,0
game-design-documents/04-World/Lore/Lyrics/song-lyrics-track-6.md,8,104,0
game-design-documents/04-World/Lore/Lyrics/song-lyrics-track-7.md,28,344,0
game-design-documents/04-World/Lore/Lyrics/song-lyrics-track-his.md,64,1013,0
game-design-documents/04-World/Lore/Lyrics/song-lyrics-track-no-winning.md,13,322,0
game-design-documents/04-World/Lore/Lyrics/song-lyrics-track-songwriting-analysis-report.md,1286,62183,0
game-design-documents/04-World/Lore/Lyrics/song-lyrics-track-variant.md,5,132,0
game-design-documents/04-World/Lore/Lyrics/song-lyrics-track.md,28,764,0
game-design-documents/04-World/Lore/Lyrics/song-lyrics.md,5,126,0
game-design-documents/04-World/Lore/Lyrics/stay-song-lyrics-track.md,55,1189,0
game-design-documents/04-World/Lore/Lyrics/still-song-lyrics-track.md,79,1168,0
game-design-documents/04-World/Lore/Lyrics/the-other-side-song-lyrics-track.md,4,152,0
game-design-documents/04-World/Lore/Lyrics/the-paradise-you-promised-lyrics-song-track.md,17,422,0
game-design-documents/04-World/Lore/Lyrics/the-wrong-help-song-lyrics-track.md,9,266,0
game-design-documents/04-World/Lore/Lyrics/this-time-its-over-song-lyrics-track.md,48,1333,0
game-design-documents/04-World/Lore/Lyrics/tighter-song-lyrics-track.md,73,1335,0
game-design-documents/04-World/Lore/Lyrics/tools-lyrics-song-track.md,2,70,0
game-design-documents/04-World/Lore/Lyrics/uh-oh-song-lyrics-track.md,47,1290,0
game-design-documents/04-World/Lore/Lyrics/ungovernable-lyrics-song-track.md,39,887,0
game-design-documents/04-World/Lore/Lyrics/untitled-song-lyrics-track-2.md,12,984,0
game-design-documents/04-World/Lore/Lyrics/untitled-song-lyrics-track-3.md,15,512,0
game-design-documents/04-World/Lore/Lyrics/untitled-song-lyrics-track-variant.md,0,0,0
game-design-documents/04-World/Lore/Lyrics/untitled-song-lyrics-track.md,21,489,0
game-design-documents/04-World/Lore/Lyrics/untitled-song-lyrics-variant.md,19,786,0
game-design-documents/04-World/Lore/Lyrics/untitled-song-lyrics.md,21,626,0
game-design-documents/04-World/Lore/Lyrics/we-collided-still-song-lyrics-track.md,45,815,0
game-design-documents/04-World/Lore/Lyrics/what-are-you-here-for-song-lyrics-track-raw-vow.md,72,2705,0
game-design-documents/04-World/Lore/Names/language-naming-canon.md,19,493,0
game-design-documents/04-World/Lore/Names/last-names-and-marriage-proposals.md,23,1821,0
game-design-documents/04-World/Lore/Names/name-origins-and-demonyms-by-country.md,24,1375,0
game-design-documents/04-World/Lore/Names/parody-musician-names.md,7,208,0
game-design-documents/04-World/Lore/Names/record-label-names.md,33,1319,0
game-design-documents/04-World/Lore/Names/recording-artist-last-names.md,24,539,0
game-design-documents/04-World/Lore/Names/songwriter-last-names.md,24,599,0
game-design-documents/04-World/Lore/readme.md,11,422,0
game-design-documents/04-World/Lore/Story/5-years-later.md,4,106,0
game-design-documents/04-World/Lore/Story/ai-staff-for-bard-roleplay.md,166,6780,0
game-design-documents/04-World/Lore/Story/benjamin-hart-narrator.md,46,2229,0
game-design-documents/04-World/Lore/Story/courtroom.md,1,47,0
game-design-documents/04-World/Lore/Story/daily-routine.md,70,1765,0
game-design-documents/04-World/Lore/Story/ducky-and-notes.md,4,135,0
game-design-documents/04-World/Lore/Story/fake-article-the-symphony-of-man-and-machine.md,16,3985,0
game-design-documents/04-World/Lore/Story/fake-scenario-between-you-and-i.md,1091,42385,0
game-design-documents/04-World/Lore/Story/message-if-youre-good-at-everything.md,1,68,0
game-design-documents/04-World/Lore/Story/novel-season-1-episodes.md,1184,75041,0
game-design-documents/04-World/Lore/Story/npc-social-media-feedback-mockups.md,5,204,0
game-design-documents/04-World/Lore/Story/opening-scene.md,16,639,0
game-design-documents/04-World/Lore/Story/raw-vow-profile.md,127,3709,0
game-design-documents/04-World/Lore/Story/story-mode-draft.md,712,36881,0
game-design-documents/04-World/Lore/Story/story-mode-idea.md,22,647,0
game-design-documents/04-World/Lore/Story/the-show-will-stop.md,1,51,0
game-design-documents/04-World/Lore/Worldbuilding/anngloran-creator-history-of-content-genres.md,32,582,0
game-design-documents/04-World/Lore/Worldbuilding/dominican-phrases-for-npcs.md,1,23,0
game-design-documents/04-World/Lore/Worldbuilding/gaia-pantheon-matrix.md,11,1011,0
game-design-documents/04-World/Lore/Worldbuilding/game-concept-capital-city-tile.md,113,4497,0
game-design-documents/04-World/Lore/Worldbuilding/history-of-annglora.md,20,1040,0
game-design-documents/04-World/Lore/Worldbuilding/inspiration-parody-of-historic-figures-related-to-the-history-of-the-dominican.md,1,90,0
game-design-documents/04-World/Lore/Worldbuilding/mythology-of-record-label-simulator-based-on-dominican-folklore.md,5,104,0
game-design-documents/04-World/Lore/Worldbuilding/new-years-tradition-in-annglora.md,16,597,0
game-design-documents/04-World/Lore/Worldbuilding/record-label-simulator-canon-update-archived-content-terminology.md,28,909,0
game-design-documents/04-World/Lore/Worldbuilding/record-label-simulator-in-game-world.md,38,1120,0
game-design-documents/04-World/Lore/Worldbuilding/record-label-simulator-main-characters-lore-canon.md,500,14582,0
game-design-documents/04-World/Lore/Worldbuilding/record-label-simulator-republic-of-bytenza-gaia-nations-canon.md,349,26350,0
game-design-documents/04-World/Lore/Worldbuilding/record-label-simulator-rls-the-bells-of-gaia.md,21,1614,0
game-design-documents/04-World/Lore/Worldbuilding/rls-lore-consistency-tracker-retcon-index.md,10,945,0
game-design-documents/04-World/Lore/Worldbuilding/rls-the-goddesses.md,15,1762,0
game-design-documents/04-World/Lore/Worldbuilding/rls-topodangle-canon.md,45,1113,0
game-design-documents/04-World/Lore/Worldbuilding/the-origin-and-history-of-sheet-music.md,12,476,0
game-design-documents/04-World/Lore/Worldbuilding/the-origin-and-history.md,5,102,0
game-design-documents/04-World/music-theory-learning-for-topoda.md,20,1781,0
game-design-documents/04-World/one-thousand-members-of-a-community-in-record-label-simulator-topoda.md,1,239,0
game-design-documents/04-World/record-label-simulator-country-parameters-for-image-prompts.md,139,4019,0
game-design-documents/04-World/record-label-simulator-country.md,108,2826,0
game-design-documents/04-World/subcultures-in-topoda.md,4,249,0
game-design-documents/04-World/track-creation-capacity-in-record-label-simulator.md,32,1303,0
game-design-documents/05-Content/Genres/45-content-media-genres-in-record-label-simulator-full-names-theme-mood.md,94,1702,0
game-design-documents/05-Content/Genres/examples-of-real-life-songs-inspiring-theme-and-mood-of-in-game-content-genres.md,52,3083,0
game-design-documents/05-Content/Genres/full-content-genre-concept-in-the-game.md,106,3010,0
game-design-documents/05-Content/Genres/heres-the-revised-set-of-content-genres-excluding-5-of-the-boring-categories-and-a-corresponding-list-of-40-unique-creators-20-female-and-20-male.md,158,5267,0
game-design-documents/05-Content/Genres/video-game-genres-of-record-label-simulator.md,9,404,0
game-design-documents/05-Content/Guides/complete-demo-recording-creation-process.md,58,4153,0
game-design-documents/05-Content/Guides/complete-sheet-music-creation-process.md,54,3476,0
game-design-documents/05-Content/Guides/complete-song-creation-process.md,95,7427,0
game-design-documents/05-Content/Guides/concert-dvds.md,1,59,0
game-design-documents/05-Content/Guides/covers-acts-promoting-not-owned-tracks-in-record-label.md,1,107,0
game-design-documents/05-Content/Guides/from-sheet-music-to-track-step-by-step-in-record-label.md,63,2920,0
game-design-documents/05-Content/Guides/interview-style-like-the-guardian-for-olivia-rodrigos-album.md,32,1832,0
game-design-documents/05-Content/Guides/life-stages-of-songwriter-creator.md,3,288,0
game-design-documents/05-Content/Guides/purpose-of-song-creation-in-record-label-simulator.md,42,4432,0
game-design-documents/05-Content/Guides/sheet-music-definition.md,23,1568,0
game-design-documents/05-Content/Guides/slots-of-songwriter-ids-in-recording-studio-structures-to-create-sheet.md,44,2940,0
game-design-documents/05-Content/Guides/songwriter-creator-id.md,49,2098,0
game-design-documents/05-Content/Guides/songwriting-session-with-songwriter-id-in-recording-studio-structure.md,5,210,0
game-design-documents/05-Content/Guides/split-of-catharsis-between-creators-in-a-song-record-label-simulator.md,15,954,0
game-design-documents/05-Content/Guides/template-for-creating-stanza-songwriting-writing-poem.md,157,5243,0
game-design-documents/05-Content/Naming/five-creators-with-the-flamp-themes-related-names-record-label-simulator.md,7,215,0
game-design-documents/05-Content/Naming/project-naming-document.md,49,2362,0
game-design-documents/05-Content/Naming/record-label-simulator-rls-naming.md,23,894,0
game-design-documents/05-Content/Naming/version-numbering-and-naming-for-record-label.md,33,2969,0
game-design-documents/05-Content/Projects/olivia-popes-debut-album.md,31,2202,0
game-design-documents/05-Content/Projects/project-proposal.md,33,1210,0
game-design-documents/05-Content/Projects/trance-the-thirteenth-album.md,10,1004,0
game-design-documents/05-Content/Themes-Moods/community-member-theme-and-mood.md,34,992,0
game-design-documents/05-Content/Themes-Moods/components-of-content-themes.md,40,701,0
game-design-documents/05-Content/Themes-Moods/emotion-feeling-mood-state.md,0,0,0
game-design-documents/05-Content/Themes-Moods/emotions-associated-with-themes.md,124,5564,0
game-design-documents/05-Content/Themes-Moods/explains-how-themes-are-satisfied-by-reaching-certain.md,6,289,0
game-design-documents/05-Content/Themes-Moods/how-to-determine-theme-mood-and-content-genre-of-content-in-record-label-simulator.md,27,1293,0
game-design-documents/05-Content/Themes-Moods/initial-concept-of-how-tracks-gain-properties-in-game.md,12,1146,0
game-design-documents/05-Content/Themes-Moods/instruments-for-moods-and-themes-music-genres-background-music-for-rls.md,24,927,0
game-design-documents/05-Content/Themes-Moods/lyrical-theme-lyricist-and-performance-mood-performer-in-record-label.md,3,59,0
game-design-documents/05-Content/Themes-Moods/mood-of-tracks-in-record-label.md,33,1499,0
game-design-documents/05-Content/Themes-Moods/mood-preference-weights-in-record-label-simulator-annglora.md,45,2677,0
game-design-documents/05-Content/Themes-Moods/mood-preference-weights-in-record-label-simulator-bytenza.md,46,2924,0
game-design-documents/05-Content/Themes-Moods/mood-preference-weights-in-record-label-simulator-crowlya.md,58,3326,0
game-design-documents/05-Content/Themes-Moods/moods-in-record-label-simulator-with-vibe-energy-finish-and-lighting.md,62,1618,0
game-design-documents/05-Content/Themes-Moods/record-label-simulator-freedom-loyalty-ambition-morality-and-power-as-the-themes-of-sheet.md,74,3726,0
game-design-documents/05-Content/Themes-Moods/set-of-negative-emotions-for-community-songwriter-creator-ids.md,8,1190,0
game-design-documents/05-Content/Themes-Moods/tempo-and-instrumentation-of-themes-and-moods-in-record-label-simulator.md,0,0,0
game-design-documents/05-Content/Themes-Moods/theme-vs-concept.md,3,748,0
game-design-documents/05-Content/Tracklists/tracklist-structure-of-projects-in-record-label-simulator.md,34,1163,0
game-design-documents/05-Content/Tracklists/udio-tracklist.md,2,65,0
game-design-documents/05-Content/Tracks/song.md,2,13,0
game-design-documents/05-Content/Tracks/udio-song.md,1,38,0
game-design-documents/05-Content/Tracks/untitled-song-track.md,24,554,0
game-design-documents/05-Content/Tracks/untitled-song.md,5,105,0
game-design-documents/06-Characters/act.md,114,3901,0
game-design-documents/06-Characters/action-verbs-and-their-parameters-in-record-label-simulator.md,59,2474,0
game-design-documents/06-Characters/acts-game-loop-in-record-label.md,10,559,0
game-design-documents/06-Characters/ceos-uncle-as-difficulty-setting-and-investor.md,26,1756,0
game-design-documents/06-Characters/community-members-in-record-label-simulator.md,48,4165,0
game-design-documents/06-Characters/components-of-community-members-in-record-label-simulator.md,56,2589,0
game-design-documents/06-Characters/course-of-action-for-record-label.md,7,446,0
game-design-documents/06-Characters/creator-card.md,1,64,0
game-design-documents/06-Characters/creator-ids-properties-in-record-label.md,9,511,0
game-design-documents/06-Characters/creator-ids.md,73,1017,0
game-design-documents/06-Characters/creator-resources.md,18,2041,0
game-design-documents/06-Characters/creators-and-members-catharsis.md,24,1548,0
game-design-documents/06-Characters/drives-and-entities-that-affect-each-factor-in-record-label-simulator.md,7,327,0
game-design-documents/06-Characters/eyerisocial-handles-mentions-and-inactive-accounts.md,62,1641,0
game-design-documents/06-Characters/finding-creators-in-record-label.md,5,600,0
game-design-documents/06-Characters/identities-occupations.md,41,968,0
game-design-documents/06-Characters/in-record-label-simulator-rls-what-are-the-players-actual-responsibilities-and-actions-moment-to-moment-and-what-outcomes-are-they-driving.md,113,4883,0
game-design-documents/06-Characters/in-record-label-simulator-rls-what-does-chief-executive-officer-ceo-music-executive-mean-and-what-does-that-role-do-inside-the-game.md,62,2538,0
game-design-documents/06-Characters/income-and-expenses-of-members-in-record-label-simulator.md,19,759,0
game-design-documents/06-Characters/maximum-number-of-creator-ids-concurrently-signed-by-record-label-in-rls.md,22,752,0
game-design-documents/06-Characters/member-and-structure-dynamics-in-record-label-simulator.md,44,3017,0
game-design-documents/06-Characters/member-personnel-occupation-wage.md,2,53,0
game-design-documents/06-Characters/member-rating-mechanism-in-record-label-simulator.md,44,2686,0
game-design-documents/06-Characters/member-transition-in-record-label-simulator.md,63,3153,0
game-design-documents/06-Characters/member-traveling-speed-in-record-label-simulator.md,0,0,0
game-design-documents/06-Characters/player-ceo-game.md,14,1043,0
game-design-documents/06-Characters/properties-of-creator-id-in-record-label-simulator.md,7,193,0
game-design-documents/06-Characters/record-label-simulator-creator-card-image-prompts-leonardoai.md,62,2480,0
game-design-documents/06-Characters/record-label-simulator-creator-id-skills-2.md,12,543,0
game-design-documents/06-Characters/record-label-simulator-creator-id-skills-recording-artist.md,14,456,0
game-design-documents/06-Characters/record-label-simulator-creator-id-skills.md,11,304,0
game-design-documents/06-Characters/record-label-simulator-creator-ids-cards.md,56,1878,0
game-design-documents/06-Characters/record-label-simulator-creator-ids-gameplay-parameters.md,20,1211,0
game-design-documents/06-Characters/record-label-simulator-creators-community-chamber-structure.md,52,2227,0
game-design-documents/06-Characters/record-label-simulator-player-occupation-music-executive.md,7,174,0
game-design-documents/06-Characters/speed-movement-of-community-members-based-on-wealth-level1k.md,5,121,0
game-design-documents/06-Characters/template-contract-email-for-player.md,38,824,0
game-design-documents/06-Characters/things-to-remember-before-officially-starting-development-of-record-label-simulator.md,71,3511,0
game-design-documents/06-Characters/venue-and-member-stats.md,1,214,0
game-design-documents/06-Characters/what-is-a-creator.md,96,3822,0
game-design-documents/07-Engineering/cloud-storage-player-inventory-in-record-label-simulator.md,0,0,0
game-design-documents/07-Engineering/constructor-patterns-for-typescript-models.md,35,872,0
game-design-documents/07-Engineering/drive-wide-terminology-cleanup-scripts-reproducible-run-rules-logging-standard-docs-sheets.md,121,2878,0
game-design-documents/07-Engineering/id-drag-snippet.md,4,60,0
game-design-documents/07-Engineering/javascript-relevant-learning-for-record-label-simulator-development.md,0,0,0
game-design-documents/07-Engineering/modular-code-workflow-for-the-web-app.md,22,1085,0
game-design-documents/07-Engineering/namespaces-and-classes-in-typescript.md,31,855,0
game-design-documents/07-Engineering/record-label-simulator-assistant-and-web-project-instructions.md,14,542,0
game-design-documents/07-Engineering/record-label-simulator-ecs-foundations-and-performance-architecture.md,29,2069,0
game-design-documents/07-Engineering/record-label-simulator-web-build-notes.md,27,1621,0
game-design-documents/07-Engineering/scripts-formatting-in-record-label-simulator-web-project.md,14,434,0
game-design-documents/07-Engineering/server-sided-logic-in-cloud-code-for-record-label.md,44,2788,0
game-design-documents/07-Engineering/record-label-simulator-web-modules.md,16,561,0
game-design-documents/07-Engineering/userbenchmarks-pc-stats-specs.md,9,384,0
game-design-documents/07-Engineering/web-ecs-architecture-and-lifecycles.md,21,905,0
game-design-documents/07-Engineering/web-inventory-item-registry.md,21,842,0
game-design-documents/07-Engineering/web-module-types-and-data-assets.md,21,968,0
game-design-documents/07-Engineering/world-surface-representation-web.md,12,559,0
game-design-documents/08-Reference/banned-words-for-creative-ai.md,3,78,0
game-design-documents/08-Reference/email-template.md,45,1147,0
game-design-documents/08-Reference/example-breakdown-30000-physical-sales-revenue-in-record-label-simulator.md,28,1545,0
game-design-documents/08-Reference/example-breakdown-digital.md,24,1430,0
game-design-documents/08-Reference/examples-of-prompts-for-leonardoai-phoenix-model.md,7,1869,0
game-design-documents/08-Reference/eyerisocial-post-template-record-label-simulator.md,27,1712,0
game-design-documents/08-Reference/format-formatting-paragraph.md,17,174,0
game-design-documents/08-Reference/images-for-eyerisocial-posts.md,1,203,0
game-design-documents/08-Reference/initial-prompt-for-keymate-chatgpt.md,3,424,0
game-design-documents/08-Reference/negative-prompts-for.md,1,323,0
game-design-documents/08-Reference/record-label-simulator-rls-pop-and-cultural-instruments-for-udio-prompts.md,240,11654,0
game-design-documents/08-Reference/template-of-prompts-for-record-label-simulator-made-with-leonardoai.md,6,715,0
game-design-documents/08-Reference/template-receipt-email.md,37,1004,0
game-design-documents/08-Reference/tiktok-scheduling-notes.md,47,668,0
game-design-documents/99-Archive/aim-for-a-t-rating-crafting-an-inspiring-journey-of-resilience-and-support-for-record-label-simulator.md,44,2376,0
game-design-documents/99-Archive/algorithm-initialization-of-record-label-simulator.md,65,3371,0
game-design-documents/99-Archive/anngloras.md,0,0,0
game-design-documents/99-Archive/apple-iphone-notes.md,155,5571,0
game-design-documents/99-Archive/breakdown-of-hours-to-max-level-up.md,0,0,0
game-design-documents/99-Archive/buff.md,1,44,0
game-design-documents/99-Archive/cards-as-entities-inventory-items-currency-etc.md,1,84,0
game-design-documents/99-Archive/catharsis-change-of.md,14,445,0
game-design-documents/99-Archive/chords-and-instruments.md,1,91,0
game-design-documents/99-Archive/cities-skylines-ii-mod-record-labels.md,11,164,0
game-design-documents/99-Archive/comprehensive-documentation-for-record-label-simulator.md,122,5242,0
game-design-documents/99-Archive/concept-about-players-goal-to-succeed-at-the-game.md,3,355,0
game-design-documents/99-Archive/content-produced-on.md,1,38,0
game-design-documents/99-Archive/content-shopping-center-in-record-label.md,1,61,0
game-design-documents/99-Archive/content-types-and-their-purposes-in-record-label-simulator.md,94,3505,0
game-design-documents/99-Archive/content.md,120,4227,0
game-design-documents/99-Archive/cool-inspiring-phrases-for-record-label-simulator.md,155,5585,0
game-design-documents/99-Archive/directory-of-entities.md,15,270,0
game-design-documents/99-Archive/drives-and-their-pairings.md,9,537,0
game-design-documents/99-Archive/engagement-consumerism-metrics-in-record-label-simulator.md,3,301,0
game-design-documents/99-Archive/expression-points-exp-in-record-label-simulator.md,13,1732,0
game-design-documents/99-Archive/eyeris-broadcasting-corporation-ebc.md,49,2178,0
game-design-documents/99-Archive/festivals-in-record-label.md,5,230,0
game-design-documents/99-Archive/flushing-out-the-dirty-water.md,17,349,0
game-design-documents/99-Archive/game-concept-content-types-in-record-label.md,16,343,0
game-design-documents/99-Archive/game-concept-organizations-in-record-label-simulator.md,12,1110,0
game-design-documents/99-Archive/game-design-roadmap-for-record-label-simulator.md,38,3440,0
game-design-documents/99-Archive/game-save-progress-in-rls.md,1,180,0
game-design-documents/99-Archive/game-start-record-label-simulator.md,7,437,0
game-design-documents/99-Archive/gameplay-feature-report-for-record-label-simulator-artist-immortalization.md,52,3675,0
game-design-documents/99-Archive/gameplay.md,14,1939,0
game-design-documents/99-Archive/goals-to-win-the-game-before-the-year-3000.md,45,1942,0
game-design-documents/99-Archive/government-permits-and-upgrades.md,16,1490,0
game-design-documents/99-Archive/honorary-title-chameleon.md,13,877,0
game-design-documents/99-Archive/hours-to-level-up-to-10.md,29,1206,0
game-design-documents/99-Archive/hype-in-record-label-simulator.md,12,328,0
game-design-documents/99-Archive/ids-and-id-slots-on-studios-academies-sets-and-venues.md,81,2236,0
game-design-documents/99-Archive/im-making-a-record-label-simulator.md,0,0,0
game-design-documents/99-Archive/important-backend-keys-etc.md,38,1034,0
game-design-documents/99-Archive/incentive-for-social-media-content-sharing-tiktok-reels-shorts-in-record-label-simulator.md,20,1830,0
game-design-documents/99-Archive/items-in-record-label-simulator.md,18,254,0
game-design-documents/99-Archive/limits-of-consumption-of-audience.md,3,57,0
game-design-documents/99-Archive/list-of-data-to-choose-from-in-the-properties-of-record-label-simulator.md,44,1202,0
game-design-documents/99-Archive/map-of.md,1,140,0
game-design-documents/99-Archive/master.md,36,1349,0
game-design-documents/99-Archive/menu-scenes.md,39,3091,0
game-design-documents/99-Archive/modifier-revamper.md,3,109,0
game-design-documents/99-Archive/modifier-substance-name-dispatch-dust-faster-speed-lower-quality.md,49,1908,0
game-design-documents/99-Archive/modifier-substance-name-sensory-sage-slower-speed-higher-quality.md,55,2075,0
game-design-documents/99-Archive/modifiers-in-record-label-simulator.md,18,563,0
game-design-documents/99-Archive/modular-creation-of-items-in-studios-academies-sets-and.md,15,1535,0
game-design-documents/99-Archive/music-executive-in-record-label-simulator.md,26,1636,0
game-design-documents/99-Archive/negotiating-skill-in-record-label-simulator.md,1,187,0
game-design-documents/99-Archive/optimal-stamina-usage-and-long-term-effects-in-record-label.md,46,2534,0
game-design-documents/99-Archive/placeholder-scenario-for-gameplay-in-record-label-simulator.md,0,0,0
game-design-documents/99-Archive/plan-for-when-record-label-simulator-webpage-is-ready-for-publishing.md,80,5819,0
game-design-documents/99-Archive/pr-list-to-assign-contents.md,1,85,0
game-design-documents/99-Archive/preliminary-tools-items-and-content-concept-for-record-label-simulator-video.md,21,2120,0
game-design-documents/99-Archive/properties-of-content-in-record-label-simulator.md,12,230,0
game-design-documents/99-Archive/prototype-tasks-for-record-label.md,102,3712,0
game-design-documents/99-Archive/quality.md,39,1054,0
game-design-documents/99-Archive/radio-stations.md,0,0,0
game-design-documents/99-Archive/recipes.md,2,655,0
game-design-documents/99-Archive/record-label-simulator-dlc.md,8,928,0
game-design-documents/99-Archive/record-label-simulator-game-concept.md,3,101,0
game-design-documents/99-Archive/record-label-simulator-gameplay-and-in-game-concepts-to.md,0,0,0
game-design-documents/99-Archive/record-label-simulator-in-game-concept.md,3,155,0
game-design-documents/99-Archive/record-label-simulator-in-game.md,134,834,0
game-design-documents/99-Archive/record-label-simulator-player.md,35,1697,0
game-design-documents/99-Archive/record-label-simulator-preliminary-quality.md,117,3173,0
game-design-documents/99-Archive/record-label-simulator-press.md,1,481,0
game-design-documents/99-Archive/record-label-simulator-sheet-music-creation.md,25,1193,0
game-design-documents/99-Archive/record-label-simulator-sheet-music-preliminary-content.md,79,3305,0
game-design-documents/99-Archive/record-label-simulator-sheet-music.md,5,355,0
game-design-documents/99-Archive/record-label-simulator-youtube.md,3,214,0
game-design-documents/99-Archive/record-label-simulator.md,14,169,0
game-design-documents/99-Archive/record-label.md,28,3019,0
game-design-documents/99-Archive/scene-setup.md,34,1197,0
game-design-documents/99-Archive/scores-for-each-emotion-in-record-label-simulator-bytenza.md,31,2315,0
game-design-documents/99-Archive/scores-for-each-emotion-in-record-label-simulator-crowlya.md,31,2247,0
game-design-documents/99-Archive/sheet-music-item-content-in-rls.md,18,1531,0
game-design-documents/99-Archive/smear-campaign.md,1,91,0
game-design-documents/99-Archive/software-development-proposal.md,108,3972,0
game-design-documents/99-Archive/stamina-in-record-label-company-simulator.md,138,4305,0
game-design-documents/99-Archive/stamina-in-rls.md,55,2218,0
game-design-documents/99-Archive/table-of-content-for-entities-and-terms.md,46,1869,0
game-design-documents/99-Archive/terrain-in-record-label-simulator.md,12,1299,0
game-design-documents/99-Archive/terrain-tiles-neighborhood-directions-and-expansion-sequence-for-bloomville-annglora.md,49,1882,0
game-design-documents/99-Archive/the-main-tasks-of-the-player-as-the-music-executive.md,11,388,0
game-design-documents/99-Archive/ticks-to-level-up.md,10,408,0
game-design-documents/99-Archive/total-ticks-for-1-in-game-hour-3600-10000000-ticks-per-second-36000000000.md,1,232,0
game-design-documents/99-Archive/truth-worthiness-property-for-ids1bvez.md,2,155,0
game-design-documents/99-Archive/unique-selling-points-of-record-label-simulator.md,43,2225,0
game-design-documents/99-Archive/vault.md,7,1632,0
game-design-documents/99-Archive/videos.md,14,131,0
game-design-documents/99-Archive/what-is-a-record-label.md,118,4341,0
game-design-documents/99-Archive/what-is-record-label-simulator-rls.md,16,4785,0
game-design-documents/99-Archive/winning-and-losing-conditions-in-record-label-simulator.md,53,2348,0
game-design-documents/index.md,38,2566,0
index.html,1275,61773,0
manifest.webmanifest,29,676,0
package-lock.json,1142,41223,0
package.json,15,388,0
README.md,101,3251,0
scripts/dev-with-logs.mjs,328,9801,0
scripts/report-line-counts.mjs,63,1887,0
service-worker.js,89,2499,0
src/app/calendar.ts,245,7671,0
src/app/chartWorker.ts,138,5305,0
src/app/csv.ts,61,1427,0
src/app/db.ts,75,2688,0
src/app/game.ts,8223,300985,0
src/app/game/names.ts,2228,32583,0
src/app/game/ui-hooks.ts,24,689,0
src/app/globals.d.ts,64,3386,0
src/app/guardrails.ts,149,5240,0
src/app/promo_types.ts,66,2026,0
src/app/ui.ts,4082,145848,0
src/app/ui/dom.ts,73,1796,0
src/main.ts,57,2194,0
TESTING.md,53,3001,0
tsconfig.json,14,319,0
